{
  "accuracy": 0.9634888438133874,
  "balanced_accuracy": 0.9692255849708303,
  "top3_accuracy": 0.9918864097363083,
  "top5_accuracy": 0.9939148073022313,
  "f1_macro": 0.9652544635990646,
  "f1_weighted": 0.9629991499885181
}