{
  "accuracy": 0.6835699797160243,
  "balanced_accuracy": 0.6445734434124527,
  "top3_accuracy": 0.8762677484787018,
  "top5_accuracy": 0.9391480730223124,
  "f1_macro": 0.5991902741251913,
  "f1_weighted": 0.6509856848006476
}