{
  "accuracy": 0.9675456389452333,
  "balanced_accuracy": 0.9688298126268051,
  "top3_accuracy": 0.9878296146044625,
  "top5_accuracy": 0.9918864097363083,
  "f1_macro": 0.9675292773705365,
  "f1_weighted": 0.9672578332233548
}