{
  "accuracy": 0.8052738336713996,
  "balanced_accuracy": 0.7864000145512751,
  "top3_accuracy": 0.9452332657200812,
  "top5_accuracy": 0.9634888438133874,
  "f1_macro": 0.7593385186816876,
  "f1_weighted": 0.7735577496741557
}