{
  "accuracy": 0.9716024340770791,
  "balanced_accuracy": 0.9752983649600191,
  "top3_accuracy": 0.9878296146044625,
  "top5_accuracy": 0.9959432048681541,
  "f1_macro": 0.9729195387031747,
  "f1_weighted": 0.9712574299678193
}