{
  "accuracy": 0.7586206896551724,
  "balanced_accuracy": 0.7211351207149526,
  "top3_accuracy": 0.9330628803245437,
  "top5_accuracy": 0.9858012170385395,
  "f1_macro": 0.6568277748636175,
  "f1_weighted": 0.7066275360291029
}